<?xml version="1.0" encoding="UTF-8"?>
<beans xmlns="http://www.springframework.org/schema/beans"
       xmlns:xsi="http://www.w3.org/2001/XMLSchema-instance"
       xmlns:aop="http://www.springframework.org/schema/aop"
       xsi:schemaLocation="
           http://www.springframework.org/schema/beans
           http://www.springframework.org/schema/beans/spring-beans.xsd
           http://www.springframework.org/schema/aop
           http://www.springframework.org/schema/aop/spring-aop.xsd">

    <!-- Define the BookRepository bean -->
    <bean id="bookRepository" class="com.library.repository.BookRepository"/>

    <!-- Define the BookService bean -->
    <bean id="bookService" class="com.library.service.BookService">
        <!-- Inject BookRepository into BookService -->
        <property name="bookRepository" ref="bookRepository"/>
    </bean>

    <!-- Enable AspectJ auto-proxying -->
    <aop:aspectj-autoproxy/>

    <!-- Define Aspect -->
    <bean id="loggingAspect" class="com.library.aspect.LoggingAspect"/>

    <!-- Configure the pointcut and advice -->
    <aop:config>
        <aop:aspect id="loggingAspect" ref="loggingAspect">
            <aop:around pointcut="execution(* com.library.service.BookService.*(..))" method="logExecutionTime"/>
        </aop:aspect>
    </aop:config>
    
</beans>
