<?xml version="1.0" encoding="UTF-8"?>
<beans xmlns="http://www.springframework.org/schema/beans"
       xmlns:xsi="http://www.w3.org/2001/XMLSchema-instance"
       xmlns:context="http://www.springframework.org/schema/context"
       xmlns:aop="http://www.springframework.org/schema/aop"
       xsi:schemaLocation="http://www.springframework.org/schema/beans
                           http://www.springframework.org/schema/beans/spring-beans.xsd
                           http://www.springframework.org/schema/context
                           http://www.springframework.org/schema/context/spring-context.xsd
                           http://www.springframework.org/schema/aop
                           http://www.springframework.org/schema/aop/spring-aop.xsd">

    <!-- Enable component scanning for the specified base package -->
    <context:component-scan base-package="com.library.LibraryManagementt"/>
    <context:component-scan base-package="com.library.aspect"/>

    <!-- Configure constructor injection for BookService -->
    <bean id="bookService" class="com.library.LibraryManagementt.BookService">
        <constructor-arg ref="bookRepository"/>
    </bean>

    <!-- Define BookRepository bean -->
    <bean id="bookRepository" class="com.library.LibraryManagementt.BookRepository"/>

    <!-- Enable AspectJ auto-proxying -->
    <aop:aspectj-autoproxy/>

    <!-- Register LoggingAspect bean if not detected automatically -->
    <bean id="loggingAspect" class="com.library.aspect.LoggingAspect"/>
</beans>
